mep_name,assistant_type,total_assistant_changes
Lina GÁLVEZ,accredited_grouping,57
Alicia HOMS GINEL,accredited_grouping,57
Nicolás GONZÁLEZ CASARES,accredited_grouping,54
Nacho SÁNCHEZ AMOR,accredited_grouping,52
Iratxe GARCÍA PÉREZ,accredited_grouping,51
Cristina MAESTRE,accredited_grouping,50
Juan Fernando LÓPEZ AGUILAR,accredited_grouping,43
Javier MORENO SÁNCHEZ,accredited_grouping,43
César LUENA,accredited_grouping,29
Rosa SERRANO SIERRA,accredited_grouping,29
Jonás FERNÁNDEZ,accredited_grouping,29
Marcos ROS SEMPERE,accredited_grouping,29
Leire PAJÍN,accredited_grouping,29
José CEPEDA,accredited_grouping,29
Idoia MENDIA,accredited_grouping,29
Elena SANCHO MURILLO,accredited_grouping,29
Sandra GÓMEZ LÓPEZ,accredited_grouping,29
Hana JALLOUL MURO,accredited_grouping,29
Alicia HOMS GINEL,accredited,28
César LUENA,accredited,23
Kim VAN SPARRENTAK,accredited_grouping,21
Margarita DE LA PISA CARRIÓN,accredited_grouping,21
Jorge BUXADÉ VILLALBA,accredited_grouping,19
Catarina VIEIRA,accredited_grouping,11
Bas EICKHOUT,accredited_grouping,11
Tineke STRIK,accredited_grouping,11
Mireia BORRÁS PABÓN,accredited_grouping,10
Hermann TERTSCH,accredited_grouping,10
Juan Carlos GIRAUTA VIDAL,accredited_grouping,10
Jorge MARTÍN FRÍAS,accredited_grouping,10
Johan DANIELSSON,accredited_grouping,9
Thomas WAITZ,accredited,8
Rosa ESTARÀS FERRAGUT,accredited_grouping,8
Antonio LÓPEZ-ISTÚRIZ WHITE,accredited_grouping,8
Susana SOLÍS PÉREZ,accredited_grouping,8
Adrián VÁZQUEZ LÁZARA,accredited_grouping,8
Isabel BENJUMEA BENJUMEA,accredited_grouping,8
Francisco José MILLÁN MON,accredited_grouping,8
Isabella LÖVIN,accredited_grouping,7
Daniel FREUND,accredited,7
Juan Ignacio ZOIDO ÁLVAREZ,accredited_grouping,7
Alice KUHNKE,accredited_grouping,7
Alice KUHNKE,accredited,7
Pär HOLMGREN,accredited_grouping,7
Tineke STRIK,accredited,7
Gerolf ANNEMANS,accredited_grouping,7
Adam JARUBAS,accredited,6
Anja HAZEKAMP,accredited,6
Thijs REUTEN,accredited_grouping,6
Pablo ARIAS ECHEVERRÍA,accredited_grouping,6
Andrzej HALICKI,accredited,6
Riho TERRAS,accredited,6
Raphaël GLUCKSMANN,accredited,6
Mircea-Gheorghe HAVA,accredited,6
Esteban GONZÁLEZ PONS,accredited_grouping,6
Irena JOVEVA,accredited,6
Emil RADEV,accredited,6
Evin INCIR,accredited_grouping,6
Luke Ming FLANAGAN,accredited,6
Marie TOUSSAINT,accredited,6
Maria NOICHL,accredited,6
Laura BALLARÍN CEREZA,accredited_grouping,6
Karin KARLSBRO,accredited,6
Javi LÓPEZ,accredited_grouping,6
Isabel BENJUMEA BENJUMEA,accredited,6
Dennis RADTKE,accredited,6
Pascal ARIMONT,accredited,6
Evin INCIR,accredited,5
Gabriel MATO,accredited_grouping,5
Dolors MONTSERRAT,accredited_grouping,5
Pablo ARIAS ECHEVERRÍA,accredited,5
Matthias ECKE,accredited_grouping,5
Niels GEUKING,accredited,5
Anna CAVAZZINI,accredited,5
Adnan DIBRANI,accredited_grouping,5
Sofie ERIKSSON,accredited_grouping,5
Camilla LAURETI,accredited,5
Bernard GUETTA,accredited,5
Christophe CLERGEAU,accredited,5
Konstantinos ARVANITIS,accredited,5
Krzysztof HETMAN,accredited,5
Chiara GEMMA,accredited,5
Heléne FRITZON,accredited_grouping,5
Marit MAIJ,accredited_grouping,4
Martin HÄUSLING,accredited,4
Matjaž NEMEC,accredited,4
Mohammed CHAHIM,accredited_grouping,4
Moritz KÖRNER,accredited,4
Carmen CRESPO DÍAZ,accredited_grouping,4
Nikos PAPANDREOU,accredited,4
Pascal CANFIN,accredited,4
Beata SZYDŁO,accredited,4
Andrey NOVAKOV,accredited,4
André ROUGÉ,accredited,4
Özlem DEMIREL,accredited,4
Terry REINTKE,accredited,4
Tamás DEUTSCH,accredited,4
Abir AL-SAHLANI,accredited,4
Svenja HAHN,accredited,4
Aldo PATRICIELLO,accredited,4
Alessandra MORETTI,accredited,4
Urmas PAET,accredited,4
Enikő GYŐRI,accredited,4
Ville NIINISTÖ,accredited,4
Waldemar TOMASZEWSKI,accredited,4
Elena NEVADO DEL CAMPO,accredited_grouping,4
Esther HERRANZ GARCÍA,accredited_grouping,4
Virginie JORON,accredited,4
Alma EZCURRA ALMANSA,accredited_grouping,4
Adrián VÁZQUEZ LÁZARA,accredited,4
Elena KOUNTOURA,accredited,4
Eero HEINÄLUOMA,accredited,4
Diana RIBA I GINER,accredited,4
Ioan-Rareş BOGDAN,accredited,4
Costas MAVRIDES,accredited,4
Lara WOLTERS,accredited_grouping,4
Lefteris NIKOLAOU-ALAVANOS,accredited,4
Laurence FARRENG,accredited,4
Lena DÜPONT,accredited,4
Maria GRAPINI,accredited,4
Maravillas ABADÍA JOVER,accredited_grouping,4
Lídia PEREIRA,accredited,4
Marc ANGEL,accredited,4
Fulvio MARTUSCIELLO,accredited,4
Fernando NAVARRETE ROJAS,accredited_grouping,4
David CASA,accredited,4
Nicolás PASCUAL DE LA PARTE,accredited_grouping,4
Milan ZVER,accredited,4
Mounir SATOURI,accredited,4
Birgit SIPPEL,accredited,4
Borja GIMÉNEZ LARRAZ,accredited_grouping,4
Roberts ZĪLE,accredited,4
Raúl DE LA HOZ QUINTANO,accredited_grouping,4
René REPASI,accredited,4
Pär HOLMGREN,accredited,4
Ralf SEEKATZ,accredited,4
Pilar DEL CASTILLO VERA,accredited_grouping,4
Petras AUŠTREVIČIUS,accredited,4
Ondřej KNOTEK,accredited,4
Axel VOSS,accredited,4
Barbara BONTE,accredited_grouping,4
Pietro FIOCCHI,accredited,4
Nora MEBAREK,accredited,4
Pedro MARQUES,accredited,4
Antonio LÓPEZ-ISTÚRIZ WHITE,accredited,4
Tom VANDENDRIESSCHE,accredited_grouping,4
Younous OMARJEE,accredited,4
Saskia BRICMONT,accredited,4
Susana SOLÍS PÉREZ,accredited,4
Sergio BERLATO,accredited,4
Stefan BERGER,accredited,4
Sandra KALNIETE,accredited,4
Iuliu WINKLER,accredited,4
Damian BOESELAGER,accredited,4
Leila CHAIBI,accredited,4
Kathleen VAN BREMPT,accredited,4
Katarína ROTH NEVEĎALOVÁ,accredited,4
Juan Ignacio ZOIDO ÁLVAREZ,accredited,4
Javier ZARZALEJOS,accredited_grouping,4
Jana TOOM,accredited,4
Charles GOERENS,accredited,4
Catherine GRISET,accredited,4
Marina MESURE,accredited,4
Giorgos GEORGIOU,accredited,4
Matthias ECKE,accredited,3
Bernd LANGE,accredited_grouping,3
Mathilde ANDROUËT,accredited,3
Bernhard ZIMNIOK,accredited,3
Birgit SIPPEL,accredited_grouping,3
Beatrice TIMGREN,accredited_grouping,3
Benoit CASSART,accredited,3
Bogdan RZOŃCA,accredited,3
Nicolas BAY,accredited,3
CARINA OHLSSON,accredited,3
Nathalie LOISEAU,accredited,3
Sabrina REPP,accredited_grouping,3
Bart GROOTHUIS,accredited,3
Aurore LALUCQ,accredited,3
Olivier CHASTEL,accredited,3
Pál SZEKERES,accredited,3
Bartosz ARŁUKOWICZ,accredited,3
Tobias CREMER,accredited_grouping,3
Tiemo WÖLKEN,accredited_grouping,3
Yannis MANIATIS,accredited,3
Sylvie GUILLAUME,accredited,3
Sven MIKSER,accredited,3
Ádám KÓSA,accredited,3
Thierry MARIANI,accredited,3
Teófilo SANTOS,accredited,3
Sandro GOZI,accredited,3
René REPASI,accredited_grouping,3
Kris VAN DIJCK,accredited,3
Loucas FOURLAS,accredited,3
Krzysztof BREJZA,accredited_grouping,3
Maria WALSH,accredited,3
Jean-Paul GARRAUD,accredited,3
Jens GEIER,accredited_grouping,3
Klára DOBREV,accredited_grouping,3
Katarina BARLEY,accredited_grouping,3
Daniel CASPARY,accredited,3
Cristian TERHEŞ,accredited,3
Csaba MOLNÁR,accredited_grouping,3
Claudiu MANDA,accredited,3
Charlie WEIMERS,accredited_grouping,3
Markéta GREGOROVÁ,accredited,3
Maria NOICHL,accredited_grouping,3
Georg MAYER,accredited_grouping,3
Delara BURKHARDT,accredited_grouping,3
Iratxe GARCÍA PÉREZ,accredited,3
Dominik TARCZYŃSKI,accredited,3
Dick ERIXON,accredited_grouping,3
Geert BOURGEOIS,accredited,3
Gabriele BISCHOFF,accredited_grouping,3
Francisco José MILLÁN MON,accredited,3
Elisabetta GUALMINI,accredited,3
Eugen TOMAC,accredited,3
Erik MARQUARDT,accredited,3
Elżbieta Katarzyna ŁUKACIJEWSKA,accredited,3
Engin EROGLU,accredited,3
Vincenzo SOFO,accredited,3
Włodzimierz CIMOSZEWICZ,accredited,3
Veronika VRECIONOVÁ,accredited,3
Udo BULLMANN,accredited_grouping,3
Vivien COSTANZO,accredited_grouping,3
Vangelis MEIMARAKIS,accredited,3
Alexander BERNHUBER,accredited,3
Alexandr VONDRA,accredited,3
Łukasz KOHUT,accredited_grouping,2
Łukasz KOHUT,accredited,2
Adam JARUBAS,accredited_grouping,2
Yvan VEROUGSTRAETE,accredited,2
Andrius KUBILIUS,accredited,2
Andrzej BUŁA,accredited,2
Andrzej BUŁA,accredited_grouping,2
Andrzej HALICKI,accredited_grouping,2
András GYÜRK,accredited,2
André RODRIGUES,accredited,2
Anders VISTISEN,accredited,2
Andor DELI,accredited,2
Andrea BOCSKOR,accredited,2
Andreas SCHIEDER,accredited,2
Andris AMERIKS,accredited,2
Sven SIMON,accredited,2
Sylvia LIMMER,accredited,2
Sérgio GONÇALVES,accredited_grouping,2
Stéphanie YON-COURTIN,accredited,2
Sunčana GLAVAK,accredited,2
Esther HERRANZ GARCÍA,accredited,2
Estrella GALÁN,accredited,2
Ewa KOPACZ,accredited_grouping,2
Fabienne KELLER,accredited,2
Ernő SCHALLER-BAROSS,accredited,2
Elissavet VOZEMBERG-VRIONIDI,accredited,2
Elsi KATAINEN,accredited,2
Elżbieta Katarzyna ŁUKACIJEWSKA,accredited_grouping,2
Vladimír BILČÍK,accredited,2
Véronique TRILLET-LENOIR,accredited,2
Silvia SARDONE,accredited,2
Simona BONAFÈ,accredited,2
Simone SCHMIEDTBAUER,accredited,2
Sebastião BUGALHO,accredited,2
Seán KELLY,accredited,2
Sander SMIT,accredited_grouping,2
Romana TOMC,accredited,2
Giuliano PISAPIA,accredited,2
Giuseppe FERRANDINO,accredited,2
Gabriele BISCHOFF,accredited,2
Gerolf ANNEMANS,accredited,2
Gheorghe FALCĂ,accredited,2
Gianna GANCIA,accredited,2
Francisco ASSIS,accredited_grouping,2
France JAMET,accredited,2
Reinhard BÜTIKOFER,accredited,2
Reinier VAN LANSCHOT,accredited_grouping,2
Roberto GUALTIERI,accredited,2
Raffaele STANCANELLI,accredited_grouping,2
Ramona STRUGARIU,accredited,2
Rasa JUKNEVIČIENĖ,accredited,2
Rasmus ANDRESEN,accredited,2
Bartłomiej SIENKIEWICZ,accredited_grouping,2
Pilar del CASTILLO VERA,accredited_grouping,2
Radan KANEV,accredited,2
Aurélia BEIGNEUX,accredited,2
Bartosz ARŁUKOWICZ,accredited_grouping,2
Arba KOKALARI,accredited,2
Auke ZIJLSTRA,accredited_grouping,2
Pietro BARTOLO,accredited,2
Pilar DEL CASTILLO VERA,accredited,2
Annamária VICSEK,accredited,2
Pernando BARRENA ARZA,accredited_grouping,2
Ondřej KOVAŘÍK,accredited,2
Ondřej KRUTÍLEK,accredited_grouping,2
Nils UŠAKOVS,accredited,2
Niyazi KIZILYÜREK,accredited,2
Norbert LINS,accredited,2
Nuno MELO,accredited,2
Nela RIEHL,accredited_grouping,2
Niclas HERBST,accredited,2
Nicolaus FEST,accredited,2
Delara BURKHARDT,accredited,2
Denis NESCI,accredited,2
Dariusz JOŃSKI,accredited_grouping,2
David CORMAND,accredited,2
Davor Ivo STIER,accredited,2
György HÖLVÉNYI,accredited,2
Hanna GRONKIEWICZ-WALTZ,accredited_grouping,2
Hannes HEIDE,accredited,2
Giuseppe MILAZZO,accredited,2
Bruno GONÇALVES,accredited_grouping,2
Carla TAVARES,accredited_grouping,2
Carlo CICCIOLI,accredited,2
Bert-Jan RUISSEN,accredited,2
Biljana BORZAN,accredited,2
Billy KELLEHER,accredited,2
Bogdan Andrzej ZDROJEWSKI,accredited_grouping,2
Borys BUDKA,accredited_grouping,2
Brando BENIFEI,accredited,2
Murielle LAURENT,accredited,2
Nadine MORANO,accredited,2
Benoît LUTGEN,accredited,2
Miriam LEXMANN,accredited,2
Mirosława NYKIEL,accredited_grouping,2
Monika BEŇOVÁ,accredited,2
Monika HOHLMEIER,accredited,2
Michał SZCZERBA,accredited_grouping,2
Michał WAWRYKIEWICZ,accredited_grouping,2
Michael BLOSS,accredited,2
Michael GAHLER,accredited,2
Michal WIEZIK,accredited,2
Massimiliano SALINI,accredited,2
Matthieu VALET,accredited,2
Martin HOJSÍK,accredited,2
Martin SCHIRDEWAN,accredited,2
Ilhan KYUCHYUK,accredited,2
Irene TINAGLI,accredited,2
Isabel WISELER-LIMA,accredited,2
Isilda GOMES,accredited,2
Helmut GEUKING,accredited,2
Henna VIRKKUNEN,accredited,2
Herbert DORFMANN,accredited,2
Hervé JUVIN,accredited,2
Dominique RIQUET,accredited,2
Markus BUCHHEIT,accredited_grouping,2
Markus FERBER,accredited,2
Marta TEMIDO,accredited_grouping,2
Marta WCISŁO,accredited_grouping,2
Martin BUSCHMANN,accredited,2
Mario FURORE,accredited,2
Marion WALSMANN,accredited,2
Marie DAUCHY,accredited,2
Marie DAUCHY,accredited_grouping,2
Marie-Pierre VEDRENNE,accredited,2
Marieke EHLERS,accredited_grouping,2
Marina KALJURAND,accredited,2
Christophe CLERGEAU,accredited_grouping,2
Christian EHLER,accredited,2
Christine ANDERSON,accredited,2
Catharina RINZEMA,accredited,2
Catherine AMALRIC,accredited,2
Catherine GRISET,accredited_grouping,2
Carola RACKETE,accredited,2
Caterina CHINNICI,accredited,2
Marc BOTENGA,accredited,2
Marc JONGEN,accredited,2
Jeroen LENAERS,accredited,2
Jan-Christoph OETJEN,accredited,2
Janusz LEWANDOWSKI,accredited_grouping,2
Javier NART,accredited,2
Jean-François JALKH,accredited,2
Jacek PROTAS,accredited_grouping,2
Jadwiga WIŚNIEWSKA,accredited,2
Jagna MARCZUŁAJTIS-WALCZAK,accredited_grouping,2
Isilda GOMES,accredited_grouping,2
Iskra MIHAYLOVA,accredited,2
Ismail ERTUG,accredited,2
István UJHELYI,accredited,2
Jaak MADISON,accredited,2
Manolis KEFALOGIANNIS,accredited,2
Manon AUBRY,accredited,2
Manu PINEDA,accredited,2
Mara BIZZOTTO,accredited,2
Luděk NIEDERMAYER,accredited,2
Magdalena ADAMOWICZ,accredited,2
Magdalena ADAMOWICZ,accredited_grouping,2
Malik AZMANI,accredited,2
Loránt VINCZE,accredited,2
Laura FERRARA,accredited,2
Kinga GÁL,accredited,2
Klemen GROŠELJ,accredited,2
Krzysztof BREJZA,accredited,2
Krzysztof HETMAN,accredited_grouping,2
Kai TEGETHOFF,accredited_grouping,2
Kamila GASIUK-PIHOWICZ,accredited_grouping,2
Katarína ROTH NEVEĎALOVÁ,accredited_grouping,2
Kateřina KONEČNÁ,accredited,2
Katrin LANGENSIEPEN,accredited,2
Jutta PAULUS,accredited,2
Damian BOESELAGER,accredited_grouping,2
Damien CARÊME,accredited,2
Dan NICA,accredited,2
Daniel ATTARD,accredited,2
Clare DALY,accredited,2
Corina CREȚU,accredited,2
Jude KIRTON-DARLING,accredited,2
Christophe GRUDLER,accredited,2
Jessika VAN LEEUWEN,accredited_grouping,2
Joachim Stanisław BRUDZIŃSKI,accredited,2
Johan VAN OVERTVELDT,accredited,2
Tiziana BEGHIN,accredited,2
Tom VANDENDRIESSCHE,accredited,2
Tomasz FRANKOWSKI,accredited,2
Tonino PICULA,accredited,2
Tsvetelina PENKOVA,accredited,2
Thomas GEISEL,accredited,2
Thomas RUDNER,accredited,2
Anna Maria CISINT,accredited,2
Anna STROLENBERG,accredited_grouping,2
Anna STÜRGKH,accredited_grouping,2
Taner KABILOV,accredited,2
Tanja FAJON,accredited,2
André RODRIGUES,accredited_grouping,2
Anja ARNDT,accredited,2
Anna FOTYGA,accredited,2
Veronika VRECIONOVÁ,accredited_grouping,2
Viktória FERENC,accredited,2
Vilija BLINKEVIČIŪTĖ,accredited,2
Vilis KRIŠTOPANS,accredited,2
Ana Miguel PEDRO,accredited,2
Alexandra GEESE,accredited,2
Alexandre VARAUT,accredited_grouping,2
Ana Catarina MENDES,accredited_grouping,2
Alex AGIUS SALIBA,accredited,2
Alexandr VONDRA,accredited_grouping,2
Şerban-Dimitrie STURDZA,accredited,1
Alessandra MUSSOLINI,accredited,1
Emmanouil FRAGKOS,accredited,1
Emmanouil KEFALOGIANNIS,accredited,1
Eric SARGIACOMO,accredited,1
Eric SARGIACOMO,accredited_grouping,1
Erik KALIŇÁK,accredited_grouping,1
Erik MARQUARDT,accredited_grouping,1
Esteban GONZÁLEZ PONS,accredited,1
Estelle CEULEMANS,accredited,1
Vlad-Marius BOTOŞ,accredited,1
Vytenis Povilas ANDRIUKAITIS,accredited,1
Waldemar BUDA,accredited,1
Elena YONCHEVA,accredited,1
Eleonora MELETI,accredited,1
Elisabeth DIERINGER,accredited_grouping,1
Elżbieta RAFALSKA,accredited,1
Emma RAFOWICZ,accredited_grouping,1
Sibylle BERG,accredited_grouping,1
Silvia MODIG,accredited,1
Simona BALDASSARRE,accredited,1
Sophia KIRCHER,accredited,1
Stanislav POLČÁK,accredited,1
Stefan BERGER,accredited_grouping,1
Vlad GHEORGHE,accredited,1
Vlad VASILE-VOICULESCU,accredited,1
Sarah WIENER,accredited,1
Sebastiaan STÖTELER,accredited,1
Sebastiaan STÖTELER,accredited_grouping,1
Sebastian EVERDING,accredited,1
Sebastian KRUIS,accredited_grouping,1
Sebastião BUGALHO,accredited_grouping,1
Sergei STANISHEV,accredited,1
Sergey LAGODINSKY,accredited_grouping,1
Dan BARNA,accredited,1
Daniel CASPARY,accredited_grouping,1
Daniel FREUND,accredited_grouping,1
Danilo Oscar LANCINI,accredited,1
Judita LAŠŠÁKOVÁ,accredited,1
Judita LAŠŠÁKOVÁ,accredited_grouping,1
Julie LECHANTEUX,accredited,1
Julie RECHAGNEUX,accredited_grouping,1
Claude GRUFFAT,accredited,1
Claudia GAMON,accredited,1
Constanze KREHL,accredited,1
Csaba MOLNÁR,accredited,1
Cyrus ENGERER,accredited,1
Céline IMART,accredited,1
Céline IMART,accredited_grouping,1
Dainius ŽALIMAS,accredited,1
Joanna SCHEURING-WIELGUS,accredited_grouping,1
John HOWARTH,accredited,1
Jonas SJÖSTEDT,accredited_grouping,1
Jordan BARDELLA,accredited_grouping,1
João COTRIM DE FIGUEIREDO,accredited,1
Christophe HANSEN,accredited,1
Cindy FRANSSEN,accredited,1
Claire FITA,accredited_grouping,1
Thomas WAITZ,accredited_grouping,1
Tilly METZ,accredited,1
Tobiasz BOCHEŃSKI,accredited,1
Ton DIEPEVEEN,accredited_grouping,1
Tudor CIUHODARU,accredited,1
Jiří POSPÍŠIL,accredited,1
Joachim KUHS,accredited,1
Joachim STREIT,accredited,1
Lefteris CHRISTOFOROU,accredited,1
Lena DÜPONT,accredited_grouping,1
Lena SCHILLING,accredited_grouping,1
Li ANDERSSON,accredited,1
Liesbet SOMMEN,accredited,1
Lucia VUOLO,accredited,1
Lídia PEREIRA,accredited_grouping,1
Lívia JÁRÓKA,accredited,1
Krzysztof JURGIEL,accredited,1
Krzysztof ŚMISZEK,accredited,1
Krzysztof ŚMISZEK,accredited_grouping,1
Lara MAGONI,accredited,1
Lars Patrick BERG,accredited,1
Laura BALLARÍN CEREZA,accredited,1
Laurence TROCHU,accredited,1
Laurent CASTILLO,accredited_grouping,1
Jüri RATAS,accredited,1
Kamila GASIUK-PIHOWICZ,accredited,1
Karolin BRAUNSBERGER-REINHOLD,accredited,1
Kathleen FUNCHION,accredited,1
Katrin LANGENSIEPEN,accredited_grouping,1
Klaus BUCHNER,accredited,1
Kris PEETERS,accredited,1
Kristian VIGENIN,accredited,1
Julien LEONARDELLI,accredited_grouping,1
Julien SANCHEZ,accredited,1
Julien SANCHEZ,accredited_grouping,1
Juozas OLEKAS,accredited,1
Jutta PAULUS,accredited_grouping,1
Jérémy DECERLE,accredited,1
Jérôme RIVIÈRE,accredited,1
József SZÁJER,accredited,1
Jessica STEGRUD,accredited,1
Marco CAMPOMENOSI,accredited,1
Marco DREOSTO,accredited,1
Marco FALCONE,accredited,1
Marco SQUARTA,accredited,1
Marco SQUARTA,accredited_grouping,1
Marco TARQUINIO,accredited,1
Margarida MARQUES,accredited,1
Jaroslav BŽOCH,accredited,1
Jarosław DUDA,accredited,1
Jean-Lin LACAPELLE,accredited,1
Jean-Marc GERMAIN,accredited_grouping,1
Jean-Paul GARRAUD,accredited_grouping,1
Jeannette BALJEU,accredited,1
Jens GEIER,accredited,1
Jens GIESEKE,accredited_grouping,1
Jacek PROTAS,accredited,1
Jacek SARYUSZ-WOLSKI,accredited,1
Jagna MARCZUŁAJTIS-WALCZAK,accredited,1
Jan FARSKÝ,accredited,1
Jan OLBRYCHT,accredited,1
Jan ZAHRADIL,accredited,1
Jan-Peter WARNKE,accredited,1
Janina OCHOJSKA,accredited,1
Maite PAGAZAURTUNDÚA,accredited,1
Malika SOREL,accredited_grouping,1
Malin BJÖRK,accredited,1
Manfred WEBER,accredited_grouping,1
Manuel PIZARRO,accredited,1
Marc ANGEL,accredited_grouping,1
Izabela-Helena KLOC,accredited,1
Jacek OZDOBA,accredited_grouping,1
Mariateresa VIVALDINI,accredited,1
Marie-Luce BRASIER-CLAIN,accredited_grouping,1
Marina KALJURAND,accredited_grouping,1
Marion WALSMANN,accredited_grouping,1
Marisa MATIAS,accredited,1
Mariusz KAMIŃSKI,accredited,1
Marjan ŠAREC,accredited,1
Markus BUCHHEIT,accredited,1
Christophe BAY,accredited_grouping,1
Christophe GOMART,accredited_grouping,1
Maria Da Graça CARVALHO,accredited,1
Maria OHISALO,accredited,1
Maria SPYRAKI,accredited,1
Maria ZACHARIA,accredited,1
Maria-Manuel LEITÃO-MARQUES,accredited,1
Marian-Jean MARINESCU,accredited,1
Charlie WEIMERS,accredited,1
Chloé RIDEL,accredited_grouping,1
Chris MACMANUS,accredited,1
Christian DOLESCHAL,accredited_grouping,1
Christian EHLER,accredited_grouping,1
Christine SCHNEIDER,accredited_grouping,1
Christine SINGER,accredited,1
Christophe BAY,accredited,1
Carola RACKETE,accredited_grouping,1
Carolina MORACE,accredited,1
Caroline ROOSE,accredited,1
Catarina MARTINS,accredited,1
Caterina CHINNICI,accredited_grouping,1
Catherine CHABAUD,accredited,1
Catherine ROWETT,accredited,1
Cecilia STRADA,accredited,1
Isabel SANTOS,accredited,1
Isabelle LE CALLENNEC,accredited_grouping,1
Martin HLAVÁČEK,accredited,1
Martin HÄUSLING,accredited_grouping,1
Martin SCHIRDEWAN,accredited_grouping,1
Martin SONNEBORN,accredited,1
Martin SONNEBORN,accredited_grouping,1
Martina MICHELS,accredited,1
Hildegard BENTELE,accredited,1
Hildegard BENTELE,accredited_grouping,1
Hélder SOUSA SILVA,accredited,1
Hélder SOUSA SILVA,accredited_grouping,1
Ignazio CORRAO,accredited,1
Ignazio Roberto MARINO,accredited,1
Irène TOLLERET,accredited,1
Isabel CARVALHAIS,accredited,1
Hans NEUHOFF,accredited,1
Harald VILIMSKY,accredited,1
Harald VILIMSKY,accredited_grouping,1
Heidi HAUTALA,accredited,1
Helmut BRANDSTÄTTER,accredited_grouping,1
Heléne FRITZON,accredited,1
Hilde VAUTMANS,accredited,1
Hilde VAUTMANS,accredited_grouping,1
Markus FERBER,accredited_grouping,1
Marlena MALĄG,accredited,1
Marta TEMIDO,accredited,1
Dimitris TSIODRAS,accredited,1
Dino GIARRUSSO,accredited,1
Elena DONAZZAN,accredited,1
Elena LIZZI,accredited,1
Elena NEVADO DEL CAMPO,accredited,1
Mélissa CAMARA,accredited,1
Benedetta SCUDERI,accredited,1
Bogdan Andrzej ZDROJEWSKI,accredited,1
Brando BENIFEI,accredited_grouping,1
Bruno GONÇALVES,accredited,1
Carla TAVARES,accredited,1
Carlo CALENDA,accredited,1
Carlo FIDANZA,accredited,1
Milan UHRÍK,accredited_grouping,1
Mimmo LUCANO,accredited,1
Mirosława NYKIEL,accredited,1
Monika BEŇOVÁ,accredited_grouping,1
Monika HOHLMEIER,accredited_grouping,1
Monika VANA,accredited,1
Murielle LAURENT,accredited_grouping,1
Mélanie DISDIER,accredited_grouping,1
Michael KAUCH,accredited,1
Michael VON DER SCHULENBURG,accredited,1
Michał DWORCZYK,accredited,1
Michał SZCZERBA,accredited,1
Michele PICARO,accredited,1
Mick WALLACE,accredited,1
Milan MAZUREK,accredited_grouping,1
Milan UHRÍK,accredited,1
Martine KEMP,accredited,1
Mary KHAN,accredited,1
Mathilde ANDROUËT,accredited_grouping,1
Matteo RICCI,accredited,1
Matthieu VALET,accredited_grouping,1
Merja KYLLÖNEN,accredited_grouping,1
Michael BLOSS,accredited_grouping,1
Michael GAHLER,accredited_grouping,1
Carlos ZORRINHO,accredited,1
Niclas HERBST,accredited_grouping,1
Nico SEMSROTT,accredited,1
Nicola PROCACCINI,accredited_grouping,1
Nicolás PASCUAL DE LA PARTE,accredited,1
Nikos ANDROULAKIS,accredited,1
Nikos PAPPAS,accredited,1
Nora MEBAREK,accredited_grouping,1
David McALLISTER,accredited,1
Deirdre CLUNE,accredited,1
Demetris PAPADAKIS,accredited,1
Dennis RADTKE,accredited_grouping,1
Derk Jan EPPINK,accredited,1
Diana IOVANOVICI ŞOŞOACĂ,accredited,1
Diana RIBA I GINER,accredited_grouping,1
Dietmar KÖSTER,accredited,1
Hanna GEDIN,accredited_grouping,1
Hanna GRONKIEWICZ-WALTZ,accredited,1
Hannah NEUMANN,accredited,1
Hannah NEUMANN,accredited_grouping,1
Dario TAMBURRANO,accredited,1
David MCALLISTER,accredited,1
David MCALLISTER,accredited_grouping,1
David Maria SASSOLI,accredited,1
Carlo FIDANZA,accredited_grouping,1
Grzegorz BRAUN,accredited,1
Grzegorz TOBISZOWSKI,accredited,1
Grégory ALLIONE,accredited,1
Guido REIL,accredited,1
Guillaume PELTIER,accredited,1
Gunnar BECK,accredited,1
Guy VERHOFSTADT,accredited,1
Pierre JOUVET,accredited,1
Pierre JOUVET,accredited_grouping,1
Pierre PIMPIE,accredited,1
Pierre PIMPIE,accredited_grouping,1
Pierre-Romain THIONNET,accredited_grouping,1
Pierrette HERZBERGER-FOFANA,accredited,1
Annalisa CORRADO,accredited,1
Anne-Sophie FRIGOUT,accredited,1
Petar VITANOV,accredited,1
Peter JAHR,accredited,1
Peter LIESE,accredited_grouping,1
Peter LUNDGREN,accredited,1
Petra KAMMEREVERT,accredited,1
Philippe OLIVIER,accredited_grouping,1
Pierfrancesco MAJORINO,accredited,1
Pierfrancesco MARAN,accredited,1
Patrizia TOIA,accredited,1
Patryk JAKI,accredited,1
Patryk JAKI,accredited_grouping,1
Paulo CUNHA,accredited,1
Paulo CUNHA,accredited_grouping,1
Paulo DO NASCIMENTO CABRAL,accredited_grouping,1
Paulo RANGEL,accredited,1
Pernando BARRENA ARZA,accredited,1
Norbert LINS,accredited_grouping,1
Oliver SCHENK,accredited,1
Oliver SCHENK,accredited_grouping,1
Ondřej DOSTÁL,accredited,1
Ondřej KRUTÍLEK,accredited,1
Paolo INSELVINI,accredited,1
Pascale PIERA,accredited_grouping,1
Pasquale TRIDICO,accredited,1
Raúl DE LA HOZ QUINTANO,accredited,1
René AUST,accredited_grouping,1
Robert BIEDROŃ,accredited,1
Robert BIEDROŃ,accredited_grouping,1
Robert ROOS,accredited,1
Fabrice LEGGERI,accredited_grouping,1
Fernando NAVARRETE ROJAS,accredited,1
Filip TUREK,accredited,1
Pilar del CASTILLO VERA,accredited,1
Rachel BLOM,accredited_grouping,1
Radosław SIKORSKI,accredited,1
Raffaele FITTO,accredited,1
Raffaele STANCANELLI,accredited,1
Ralf SEEKATZ,accredited_grouping,1
Raphaël GLUCKSMANN,accredited_grouping,1
Rasmus ANDRESEN,accredited_grouping,1
Aura SALLA,accredited,1
Aurore LALUCQ,accredited_grouping,1
Aušra SEIBUTYTĖ,accredited,1
Axel VOSS,accredited_grouping,1
Barbara Ann GIBSON,accredited,1
Barbara THALER,accredited,1
Bartłomiej SIENKIEWICZ,accredited,1
Beata MAZUREK,accredited,1
Anne-Sophie FRIGOUT,accredited_grouping,1
Annika BRUNA,accredited,1
Antonio DECARO,accredited,1
Antonius MANDERS,accredited,1
Antony HOOK,accredited,1
Arnaud DANJEAN,accredited,1
Assita KANKO,accredited,1
Attila ARA-KOVÁCS,accredited,1
Rosa D'AMATO,accredited,1
Rosanna CONTE,accredited,1
Roxana MÎNZATU,accredited,1
Sabine VERHEYEN,accredited,1
Sabine VERHEYEN,accredited_grouping,1
Sabrina PIGNEDOLI,accredited,1
Sabrina REPP,accredited,1
Sakis ARNAOUTOGLOU,accredited,1
Gilles PENNELLE,accredited_grouping,1
Giorgio GORI,accredited,1
Giovanni CROSETTO,accredited,1
Giuseppe ANTOCI,accredited,1
Giuseppe LUPO,accredited,1
Roberto VANNACCI,accredited,1
Rody TOLASSY,accredited,1
Rody TOLASSY,accredited_grouping,1
Friedrich PÜRNER,accredited,1
Gabriel MATO,accredited,1
Gabriela FIREA,accredited,1
Gaetano PEDULLA',accredited,1
Georg MAYER,accredited,1
Georgios AFTIAS,accredited,1
Gilles LEBRETON,accredited,1
Gilles PENNELLE,accredited,1
Flavio TOSI,accredited,1
France JAMET,accredited_grouping,1
Francesco VENTOLA,accredited,1
Francesco VENTOLA,accredited_grouping,1
Francisco ASSIS,accredited,1
Francisco GUERREIRO,accredited,1
François KALFON,accredited_grouping,1
François-Xavier BELLAMY,accredited_grouping,1
Adina VĂLEAN,accredited,1
Aleksandar NIKOLIC,accredited_grouping,1
Özlem DEMIREL,accredited_grouping,1
Ľubica KARVAŠOVÁ,accredited,1
Ľuboš BLAHA,accredited_grouping,1
Alberico GAMBINO,accredited,1
Adrian-George AXINIA,accredited,1
Alessandro CIRIANI,accredited,1
Andreas SCHWAB,accredited,1
Andreas SCHWAB,accredited_grouping,1
Andrus ANSIP,accredited,1
András Tivadar KULJA,accredited,1
Adrian-Dragoş BENEA,accredited,1
Adina-Ioana VĂLEAN,accredited,1
Alessandra BASSO,accredited,1
Zbigniew KUŹMIUK,accredited,1
Stéphane BIJOUX,accredited,1
Sven MIKSER,accredited_grouping,1
Sven SCHULZE,accredited,1
Sven SIMON,accredited_grouping,1
Sylvie BRUNET,accredited,1
Sylwia SPUREK,accredited,1
Sándor RÓNAI,accredited,1
Andrea WECHSLER,accredited_grouping,1
Evelyne GEBHARDT,accredited,1
Evžen TOŠENOVSKÝ,accredited,1
Ewa ZAJĄCZKOWSKA-HERNIK,accredited,1
Fabrice LEGGERI,accredited,1
Stefan KÖHLER,accredited,1
Stefan KÖHLER,accredited_grouping,1
Stefano CAVEDAGNA,accredited,1
Stelios KYMPOUROPOULOS,accredited,1
Anna CAVAZZINI,accredited_grouping,1
Sérgio HUMBERTO,accredited_grouping,1
Terry REINTKE,accredited_grouping,1
Thierry MARIANI,accredited_grouping,1
Thijs REUTEN,accredited,1
Thomas BAJADA,accredited,1
Thomas PELLERIN-CARLIN,accredited,1
Thomas PELLERIN-CARLIN,accredited_grouping,1
Veronika CIFROVÁ OSTRIHOŇOVÁ,accredited,1
Veronika CIFROVÁ OSTRIHOŇOVÁ,accredited_grouping,1
Virginie JORON,accredited_grouping,1
Virginijus SINKEVIČIUS,accredited,1
André ROUGÉ,accredited_grouping,1
Angelika NIEBLER,accredited_grouping,1
Angéline FURET,accredited_grouping,1
Anna BRYŁKA,accredited,1
Ana MIRANDA PAZ,accredited,1
Udo BULLMANN,accredited,1
Valentina PALMISANO,accredited,1
Valentino GRANT,accredited,1
Valérie DELOGE,accredited_grouping,1
Valérie DEVAUX,accredited,1
Valérie HAYER,accredited,1
Verena MERTENS,accredited_grouping,1
Alessandro ZAN,accredited,1
Alessandro ZAN,accredited_grouping,1
Alexander JUNGBLUTH,accredited,1
Alexander SELL,accredited,1
Alexandra GEESE,accredited_grouping,1
Alexandra MEHNERT,accredited,1
Alexandra MEHNERT,accredited_grouping,1
Alfred SANT,accredited,1
